{
  "Compatibility": "Compatible",
  "Contributors": {
    "Audio": [
      "Xeno",
      "Delta"
    ],
    "Manual graphics": [ "JG" ]
  },
  "DefuserDifficulty": "VeryEasy",
  "Description": "Gamble in the Melody Bay casino with weighted dice to solve the module! Tags: 2-dice, higher, lower, 2-button",
  "ExpertDifficulty": "Easy",
  "License": "Republishable",
  "ModuleID": "danielDice",
  "Name": "Daniel Dice",
  "Origin": "Mods",
  "Published": "2023-02-06",
  "SortKey": "DANIELDICE",
  "SteamID": "2929589136",
  "Symbol": "Dan",
  "Type": "Regular"
}