{  "Contributors": {    "Audio": [ "GhostSalt" ],    "Developer": [ "MaddyMoos" ]  },  "DefuserDifficulty": "Medium",  "Description": "Navigate The Void whilst movements get increasingly harder to follow. Tags: blank, no-buttons, portal",  "ExpertDifficulty": "VeryHard",  "ModuleID": "voidTraversal",  "Name": "Void Traversal",  "Origin": "Mods",  "Published": "2026-02-02",  "SortKey": "VOID TRAVERSAL",  "SourceUrl": "https://github.com/maddymoos/VoidTraversal",  "SteamID": "3658553214",  "Symbol": "Vt",  "Type": "Regular"}